{
    "filtered_complete_base_mistralai_Mistral-7B-Instruct-v0.3_improved_stop-rouge-l-f_imp_eval_model-Qwen_Qwen2.5_7B_Instruct": {
        "llm_metrics": {
            "extraneous_information": {
                "starting_score": 3.9083526682134573,
                "final_score": 4.443542150038669
            },
            "redundancy": {
                "starting_score": 4.332559938128384,
                "final_score": 4.6941221964423825
            },
            "contradiction": {
                "starting_score": 4.394044856921887,
                "final_score": 4.695668986852281
            },
            "perspective_misalignment": {
                "starting_score": 4.341453982985305,
                "final_score": 4.657772621809745
            }
        }
    },
    "filtered_complete_base_meta-llama_Llama-3.1-8B-Instruct_improved_stop-rouge-l-f_imp_eval_model-Qwen_Qwen2.5_7B_Instruct": {
        "llm_metrics": {
            "extraneous_information": {
                "starting_score": 4.396518375241779,
                "final_score": 4.556286266924565
            },
            "redundancy": {
                "starting_score": 4.677756286266924,
                "final_score": 4.779883945841393
            },
            "contradiction": {
                "starting_score": 4.670406189555126,
                "final_score": 4.758994197292069
            },
            "perspective_misalignment": {
                "starting_score": 4.5899419729206965,
                "final_score": 4.719148936170213
            }
        }
    },
    "filtered_complete_base_google_gemma-3-12b-it_improved_stop-rouge-l-f_imp_eval_model-Qwen_Qwen2.5_7B_Instruct": {
        "llm_metrics": {
            "extraneous_information": {
                "starting_score": 4.203947368421052,
                "final_score": 4.518188854489164
            },
            "redundancy": {
                "starting_score": 4.558049535603715,
                "final_score": 4.743421052631579
            },
            "contradiction": {
                "starting_score": 4.555727554179566,
                "final_score": 4.738777089783282
            },
            "perspective_misalignment": {
                "starting_score": 4.496904024767802,
                "final_score": 4.688854489164087
            }
        }
    },
    "filtered_complete_base_Qwen_Qwen2.5-7B-Instruct_improved_stop-rouge-l-f_imp_eval_model-Qwen_Qwen2.5_7B_Instruct": {
        "llm_metrics": {
            "extraneous_information": {
                "starting_score": 4.371550719005053,
                "final_score": 4.570151574038088
            },
            "redundancy": {
                "starting_score": 4.647493198600855,
                "final_score": 4.775748153905947
            },
            "contradiction": {
                "starting_score": 4.654100272055966,
                "final_score": 4.7703070345899725
            },
            "perspective_misalignment": {
                "starting_score": 4.579867858530898,
                "final_score": 4.718227749708512
            }
        }
    },
    "filtered_complete_base_meta-llama_Llama-3.1-8B_improved_stop-rouge-l-f_imp_eval_model-Qwen_Qwen2.5_7B_Instruct": {
        "llm_metrics": {
            "extraneous_information": {
                "starting_score": 3.8611755607115237,
                "final_score": 4.4292343387471
            },
            "redundancy": {
                "starting_score": 4.09938128383604,
                "final_score": 4.674400618716164
            },
            "contradiction": {
                "starting_score": 4.596674400618716,
                "final_score": 4.686388244392885
            },
            "perspective_misalignment": {
                "starting_score": 4.231245166279969,
                "final_score": 4.636117556071152
            }
        }
    },
    "filtered_complete_plasma_test_improved_stop-rouge-l-f_imp_eval_model-Qwen_Qwen2.5_7B_Instruct": {
        "llm_metrics": {
            "extraneous_information": {
                "starting_score": 2.063418406805878,
                "final_score": 4.306651198762568
            },
            "redundancy": {
                "starting_score": 2.6488785769528227,
                "final_score": 4.614849187935035
            },
            "contradiction": {
                "starting_score": 4.067337461300309,
                "final_score": 4.626160990712075
            },
            "perspective_misalignment": {
                "starting_score": 2.3333333333333335,
                "final_score": 4.5742459396751745
            }
        }
    },
    "filtered_complete_base_microsoft_Phi-3-mini-4k-instruct_improved_stop-rouge-l-f_imp_eval_model-Qwen_Qwen2.5_7B_Instruct": {
        "llm_metrics": {
            "extraneous_information": {
                "starting_score": 4.205643602628527,
                "final_score": 4.531117124081948
            },
            "redundancy": {
                "starting_score": 4.583301120989563,
                "final_score": 4.766524932354078
            },
            "contradiction": {
                "starting_score": 4.569771936606108,
                "final_score": 4.752222651720139
            },
            "perspective_misalignment": {
                "starting_score": 4.498647081561654,
                "final_score": 4.6988790104368
            }
        }
    }
}