{
    "complete_base_dummy_improved_stop-rouge-l-f": {
        "rouge_l": {
            "starting_score": 0.188291512334864,
            "final_score": 0.3037471056913455
        },
        "rouge_1": {
            "starting_score": 0.188291512334864,
            "final_score": 0.3188986208428607
        },
        "rouge_2": {
            "starting_score": 0.05228758004293226,
            "final_score": 0.08465845135622896
        },
        "meteor": {
            "starting_score": 0.12048659538199287,
            "final_score": 0.24289670164315103
        }
    },
    "complete_base_dummy_2_improved_stop-rouge-l-f": {
        "rouge_l": {
            "starting_score": 0.5338917412957269,
            "final_score": 0.5106758082958114
        },
        "rouge_1": {
            "starting_score": 0.5597449437267694,
            "final_score": 0.5267771802470309
        },
        "rouge_2": {
            "starting_score": 0.3744467877008628,
            "final_score": 0.34958185796730473
        },
        "meteor": {
            "starting_score": 0.582694460320638,
            "final_score": 0.5277041176409634
        }
    },
    "complete_base_dummy_improved_stop-rouge-l-f_imp_eval_model-Qwen_Qwen2.5_7B_Instruct": {
        "rouge_l": {
            "starting_score": 0.30263148905911635,
            "final_score": 0.31891565819136797
        },
        "rouge_1": {
            "starting_score": 0.3396105240855493,
            "final_score": 0.36119038110678797
        },
        "rouge_2": {
            "starting_score": 0.14143316217663063,
            "final_score": 0.15263616806492195
        },
        "meteor": {
            "starting_score": 0.3226715375169315,
            "final_score": 0.3140238174977905
        }
    },
    "complete_base_dummy_improved_stop-rouge-l-f_imp_eval_model-microsoft_Phi_3_mini_4k_instruct": {
        "rouge_l": {
            "starting_score": 0.30263148905911635,
            "final_score": 0.21321196912257387
        },
        "rouge_1": {
            "starting_score": 0.3396105240855493,
            "final_score": 0.2460347051635658
        },
        "rouge_2": {
            "starting_score": 0.14143316217663063,
            "final_score": 0.0627735602906534
        },
        "meteor": {
            "starting_score": 0.3226715375169315,
            "final_score": 0.21754912902301796
        }
    }
}